﻿<?xml version="1.0"?>

<CommunicatorStrings>

	<label ok			="Aceptar"/>
	<label cancel		="Cancelar"/>
	<label apply		="Aplicar"/>
	<label verify		="Verificar"/>
	<label yes			="Sí"/>
	<label no			="No"/>
	<label yesToAll		="Sí a todo"/>
	<label noToAll		="No a todo"/>
	<label abort		="Cancelar"/>
	<label retry		="Reintentar"/>
	<label error		="Error"/>
	<label edit			="Editar"/>
	<label exit			="Salir"/>
	<label close		="Cerrar"/>
	<label view			="Ver"/>
	<label update		="Actualizar"/>
	<label help			="Ayuda"/>
	<label about		="Acerca de"/>
	<label proceed		="Continuar"/>
	<label next			="Siguiente"/>
	<label back			="Atrás"/>
	<label finish		="Finalizar"/>
	<label accept		="Aceptar"/>
	<label acceptAll	="Aceptar todo"/>
	<label reject		="Rechazar"/>
	<label rejectAll	="Rechazar todo"/>
	<label status		="Estado"/>
	<label cannotProceed="No se puede continuar"/>
	<label details		="Detalles"/>
	<label viewDetails	="Ver detalles"/>
	<label consultAdmin	="Consulte al administrador del sistema"/>
	<label ensureNetwork="Asegúrese de que está conectado a la red"/>

	<label title		="Cisco IP Communicator"/>
	<label autoUpdate	="AutoUpdate"/>
	<label file			="Archivo"/>
	<label module		="Módulo"/>
	<label archive		="Archivo comprimido"/>
	<label downloading	="Descargando..."/>
	<label installing	="Instalando..."/>
	<label extracting	="Extrayendo..."/>
	<label progress		="Progreso"/>
	<label updateType	="Tipo de actualización"/>
	<label recommended	="Recomendado"/>
	<label required		="Necesario"/>

	<label bitsLong			="bits"/>
	<label bitsShort		="b"/>
	<label bytesLong		="bytes"/>
	<label bytesShort		="f"/>
	<label kiloLong			="Kilo"/>
	<label kiloShort		="T"/>
	<label kilobytesShort	="KB"/>
	<label kilobytesLong	="Kilobytes"/>
	<label megaLong			="Mega"/>
	<label megaShort		="m"/>
	<label megabytesShort	="MB"/>
	<label megabytesLong	="Megabytes"/>
	<label gigaLong			="Giga"/>
	<label gigaShort		="G"/>
	<label gigabytesShort	="GB"/>
	<label gigabytesLong	="Gigabytes"/>
	<label teraLong			="Tera"/>
	<label teraShort		="A"/>
	<label terabytesShort	="TB"/>
	<label terabytesLong	="Terabytes"/>

	<label downloadSpeed	="Velocidad de descarga"/>
	<label timeRemaining	="Tiempo restante"/>

	<label secondShort		="d"/>
	<label secondLong		="segundo"/>
	<label secondsLong		="segundos"/>
	<label minuteShort		="min"/>
	<label minuteLong		="minuto"/>
	<label minutesLong		="minutos"/>
	<label hourShort		="h"/>
	<label hoursLong		="hora"/>
	<label hoursLong		="horas"/>

	<label unknown					="Desconocido"/>
	<label overallProgress			="Progreso global..."/>
	<label gettingManifest			="Descargando descripción de instalación..."/>
	<label inspectingInstallation	="Inspeccionando instalación actual..."/>
	<label preparingToInstallFiles	="Preparando instalación de archivos..."/>
	<label doingUpdates				="Descargando e instalando actualizaciones..."/>
	<label confirmCancel			="¿Está seguro de que desea cancelar?"/>

	<label AU_usageString			="USO&#13;=======&#13;AutoUpdate parameterName1=&lt;parameterValue1&gt; parameterName2=&lt;parameterValue2&gt; ...&#13;&#13;PARÁMETROS:&#13;Debe especificar httpServer/tftpServer, installFolder, manifestFile&#13;Los parámetros opcionales son mode, waitWindow y postUpdateScript&#13;Los parámetros no distinguen entre mayúsculas y minúculas y no importa el orden en que aparezcan&#13;&#13;Por ejemplo:&#13;AutoUpdate httpServer=http://www.webserver.com/Communicator installFolder=&quot;D:\Program Files\ACME Systems\ACME Studio&quot; mode=install waitWindow=&quot;ACME Studio&quot; postUpdateScript=Notepad.exe"/>
	<label AU_errorTitle			="Error de AutoUpdate"/>
	<label AU_errorHeading			="Error"/>
	<label AU_stackTrace			="Rastrear"/>
	<label AU_viewStackTrace		="Ver rastreo"/>
	<label AU_autoupdateComponentNotDefined	="Error en archivo de manifiesto de AutoUpdate: componente de AutoUpdate no definido"/>
	<label AU_closeWindowTitle		="Cierre todas las ventanas con el título siguiente"/>
	<label AU_endProcesses			="Finalice los procesos siguientes antes de continuar"/>

	<label AU_repairs					="Reparaciones"/>
	<label AU_repairsList				="Los siguientes módulos contienen archivos que no se encuentran o se han modificado"/>
	<label AU_requiredUpdates			="Actualizaciones necesarias"/>
	<label AU_requiredUpdatesList		="Los siguientes módulos tienen actualizaciones necesarias"/>
	<label AU_recommendedUpdates		="Actualizaciones recomendadas"/>
	<label AU_recommendedUpdatesList	="Los siguientes módulos tienen actualizaciones recomendadas"/>
	<label AU_chooseIndividualUpdates	="Decidir para cada módulo"/>
	<label AU_selectUpdate				="¿Desea aplicar las actualizaciones recomendadas al siguiente módulo?"/>
	<label AU_installAny				="¿Desea instalar alguna de ellas?"/>
	<label AU_module					="Módulo"/>
	<label AU_downloadSize				="Tamaño de la descarga"/>
	<label AU_wantToDoUpdates			="Existen algunas actualizaciones disponibles&#13;&#13;¿Desea descargarlas e instalarlas ahora?" />

	<label AU_olderVersionInstalled		="Hay una versión anterior del archivo instalado"/>
	<label AU_newerVersionInstalled		="Hay una versión más reciente del archivo instalado"/>
	<label AU_equalVersionInstalled		="Ya está instalada esta versión del archivo"/>
	<label AU_checksumMismatch			="El checksum del archivo no coincide con el valor esperado"/>
	<label AU_olderFileInstalled		="La fecha de modificación del archivo instalado es anterior"/>
	<label AU_newerFileInstalled		="La fecha de modificación del archivo instalado es más reciente"/>
	<label AU_modifiedDatesMatch		="Las fechas de modificación coinciden"/>
	<label AU_unableToCompareFiles		="No se pueden comparar los archivos"/>

	<label AU_Error_tftpHttpNotDefined			="Debe especificar tftpServer o httpServer"/>
	<label AU_Error_installFolderNotDefined		="Carpeta de instalación no especificada"/>
	<label AU_Error_manifestFileNotDefined		="Archivo de manifiesto no especificado"/>
	<label AU_Error_downloadManifestFailed		="No se pudo descargar el archivo de manifiesto"/>
	<label AU_Error_invalidUpdateMode			="Modo de actualización no válido. Los modos permitidos son 'instalación' y 'consulta'"/>
	<label AU_Error_errorInManifest				="El archivo de manifiesto está dañado"/>
	<label AU_Error_cannotProceed				="AutoUpdate no puede continuar"/>
	<label AU_Error_invalidVersionString		="Cadena de versión no válida"/>
	<label AU_Error_fileNotFound				="Archivo no encontrado"/>
	<label AU_Error_unsupportedProtocol			="No se admite el protocolo de transferencia o no es válido"/>
	<label AU_Error_downloadedFileInvalid		="El archivo descargado no coincide con la descripción"/>
	<label AU_Error_requiredUpdateFailed		="No se pudo instalar las actualizaciones necesarias para el módulo siguiente"/>
	<label AU_Error_recommendedUpdateFailed		="No se pudo instalar las actualizaciones necesarias para el módulo siguiente"/>
	<label AU_Error_repairFailed				="Error al actualizar el módulo siguiente"/>
	<label AU_Error_preinstallFileInstall		="Error al instalar archivos de preinstalación"/>
	<label AU_Error_postinstallFileInstall		="Error al instalar archivos de postinstalación"/>
	<label AU_Error_moduleFileInstall			="Error al instalar archivos de módulo"/>
	<label AU_Error_preinstallFileDownload		="Error al descargar archivos de preinstalación"/>
	<label AU_Error_postinstallFileDownload		="Error al descargar archivos de postinstalación"/>
	<label AU_Error_moduleFileDownload			="Error al descargar archivos de módulo"/>
	<label AU_Error_preinstallFileInstall		="Error al instalar archivos de preinstalación"/>
	<label AU_Error_postinstallFileInstall		="Error al instalar archivos de postinstalación"/>
	<label AU_Error_moduleFileInstall			="Error al instalar archivos de módulo"/>
	<label AU_Error_moduleSettingInstall		="Error al instalar configuración de módulo"/>
	<label AU_Error_preinstallScript			="La secuencia de comandos de preinstalación devolvió un error"/>
	<label AU_Error_postinstallScript			="La secuencia de comandos de postinstalación devolvió un error"/>
	<label AU_Error_downloadFileError			="No se pudo descargar el archivo"/>
	<label AU_Error_installFileError			="No se pudo instalar el archivo"/>
	<label AU_Error_unableToChangeModifiedDate	="No se puede cambiar la fecha de la última modificación"/>
	<label AU_Error_archiveFileMismatch			="El archivo del archivo comprimido no coincide con la descripción"/>
	<label AU_Error_archiveInstall				="No se puede instalar el archivo"/>
	<label AU_Error_recommendedUpdateFailureList="No se pudo instalar las siguientes actualizaciones recomendadas"/>
	<label AU_Error_autoUpdateCancelled			="Se canceló AutoUpdate"/>

	<label AU_Error_HTTPTimeout					="Tiempo de espera de HTTP"/>
	<label AU_Error_HTTPError					="Error de HTTP"/>
	<label AU_Error_HTTPConnectionClosed		="Se cerró la conexión de HTTP"/>

	<label AU_Error_xmlTagNotFound		="No se encontró la etiqueta XML"/>
	<label AU_Error_xmlDataNotFound		="No se encontraron datos XML"/>
	
	<label AU_Error_failedToInitialize			="No se pudo iniciarAutoUpdate"/>
	<label AU_Error_ensureNoOtherApps			="Cierre todas las aplicaciones y vuelva a intentarlo"/>

</CommunicatorStrings>
