﻿<?xml version="1.0"?>

<ErrorReportStrings>
	
	<label ok			="Aceptar"/>
	<label exit			="Salir"/>
	<label cancel			="Cancelar"/>
	<label errorHeading		="Error"/>
	<label stackTrace		="Traza de stack"/>
	<label viewStackTrace		="Ver"/>

	<label name			="Ver traza de stack"/>
	<label extension		="Extensión de Cisco IP Communicator"/>
	<label problemTime		="Hora en que se produjo el problema"/>
	<label problemDetails		="Detalles del problema"/>
	<label specifyAllFields		="Rellene todos los campos"/>

	<label ERT_usageString			="USO&#13;=======&#13;AutoUpdate parameterName1=&lt;parameterValue1&gt; parameterName2=&lt;parameterValue2&gt; ...&#13;&#13;PARÁMETROS:&#13;Debe especificar httpServer/tftpServer, installFolder, manifestFile&#13;Los parámetros opcionales son mode, waitWindow y postUpdateScript&#13;Los parámetros no distinguen entre mayúsculas y minúsculas y no importa el orden en que aparezcan&#13;&#13;Por ejemplo:&#13;AutoUpdate httpServer=http://www.webserver.com/Communicator installFolder=&quot;D:\Program Files\ACME Systems\ACME Studio&quot; mode=install waitWindow=&quot;ACME Studio&quot; postUpdateScript=Notepad.exe"/>
	<label ERT_errorTitle			="Herramienta de informes de errores: Error"/>
	<label ERT_endMessage			="La herramienta de informes de errores ha recopilado la información necesaria&#13;La ubicación se muestra a continuación&#13;Elimine este archivo cuando la información ya no sea necesaria"/>
	<label ERT_gatheringSystemInfo		="Recopilando información del sistema..."/>
	<label ERT_gatheringAppConfig		="Recopilando la configuración de la aplicación..."/>
	<label ERT_gatheringAppLogs		="Recopilando registros de aplicaciones..."/>
	<label ERT_gatheringInstallLogs		="Recopilando registros de instalación..."/>
	<label ERT_gatheringAutoUpdateLogs	="Recopilando registros de AutoUpdate..."/>
	<label ERT_gatheringCrashDumpLogs	="Recopilando registros de volcado de bloqueo..."/>
	<label ERT_logsGathered			="Recopilación de información finalizada"/>
	<label ERT_enterProblemDescription	="Introduzca una descripción del problema"/>
	<label ERT_windowTitle			="Informe de errores de Cisco IP Communicator"/>
	<label ERT_unableToZip			="No se pueden comprimir los archivos necesarios"/>
	<label ERT_unableToChangeDirectory	="No se puede cambiar el directorio a la siguiente carpeta"/>
	<label ERT_unableToCopyFiles		="No se puede copiar en los archivos siguientes"/>
	<label ERT_SoftPhoneSENotFound		="No se ha podido localizar la instalación de Cisco IP Communicator&#13;Asegúrese de que esté instalado correctamente"/>
	<label ERT_RemoveConfig			="¿Quitar configuración existente?"/>
	<label ERT_RemoveLogs			="¿Quitar registros existentes?"/>
	<label ERT_RemoveAction			="Quitando..."/>
	<label ERT_DeleteAction			="Eliminando..."/>

</ErrorReportStrings>