﻿<?xml version="1.0"?>
<CommunicatorStrings>
	<label rtlFlag="0"/>
	<label ok="Aceptar"/>
	<label cancel="Cancelar"/>
	<label apply="Aplicar"/>
	<label applyToAll="Aplicar a todos"/>
	<label verify="Verificar"/>
	<label yes="Sí"/>
	<label no="No"/>
	<label yesToAll="Sí a todo"/>
	<label noToAll="No a todo"/>
	<label abort="Cancelar"/>
	<label retry="Reintentar"/>
	<label error="Error"/>
	<label edit="Editar"/>
	<label exit="Salir"/>
	<label close="Cerrar"/>
	<label move="Mover"/>
	<label view="Ver"/>
	<label update="Actualizar"/>
	<label help="Ayuda"/>
	<label about="Acerca de Cisco IP Communicator"/>
	<label proceed="Continuar"/>
	<label next="Siguiente"/>
	<label back="Atrás"/>
	<label show="Mostrar Cisco IP Communicator"/>
	<label hide="Ocultar Cisco IP Communicator"/>
	<label AGNT_checkAutoUpdate="Buscando nuevas actualizaciones"/>
	<label finish="Finalizar"/>
	<label accept="Aceptar"/>
	<label acceptAll="Aceptar todo"/>
	<label reject="Rechazar"/>
	<label rejectAll="Rechazar todo"/>
	<label none="Ninguno"/>
	<label network="Red"/>
	<label user="Usuario"/>
	<label java="Java"/>
	<label audio="Audio"/>
	<label advAudio="Audio avanzado"/>
	<label directories="Directorios "/>
	<label ldapSettings="Configuración de directorio LDAP"/>
	<label ldapUserName="Nombre de usuario:"/>
	<label ldapPassword="Contraseña:"/>
	<label wave="Onda"/>
	<label kernelStreaming="Tratamiento de secuencias de núcleo"/>
	<label itu="ITU"/>
	<label ciscoIPPhone="Teléfono IP de Cisco"/>
	<label speakerphone="Teléfono de altavoz"/>
	<label headset="Auriculares"/>
	<label handset="Auricular"/>
	<label ringer="Timbre"/>
	<label hid="Dispositivo de interfaz humana (HID)"/>
	<label status="Estado"/>
	<label title="Cisco IP Communicator"/>
	<label autoUpdate="AutoUpdate"/>
	<label skins="Máscaras"/>
	<label screenOnly="Sólo pantalla"/>
	<label alwaysOnTop="Siempre visible"/>
	<label startPhone="Iniciar teléfono"/>
	<label stopPhone="Detener teléfono"/>
	<label atwMenu="Asistente para ajuste de audio"/>
	<label quickSearchMenu="Búsqueda rápida..."/>
	<label ciscoUserOptions="Opciones de usuario de Cisco Unified CM..."/>
	<label preferences="Preferencias..."/>
	<label userGuide="Guía del usuario"/>
	<label DLG_Settings="Preferencias"/>
	<label default="Prdtrm."/>
	<label file="Archivo"/>
	<label module="Módulo"/>
	<label archive="Archivo"/>
	<label progress="Progreso"/>
	<label updateType="Tipo de actualización"/>
	<label recommended="Recomendado"/>
	<label required="Necesario"/>
	<label statStarting="Iniciando %s"/>
	<label statInstalling="Instalando %s"/>
	<label statInitializing="Inicializando %s"/>
	<label statReading="Leyendo %s"/>
	<label statConnectTFTP="Conectando a servidor TFTP"/>
	<label cdpDriver="CDP"/>
	<label questionMark="?"/>
	<label mtDriver="Audio"/>
	<label localSettings="Configuración local"/>
	<label networkSettings="Configuración de red"/>
	<label hibernateWarning="Si el equipo hiberna ahora, Cisco IP Communicator desconectará la llamada actual. ¿Desea cancelar la hibernación?"/>
	<label closeWarning="Si sale ahora, Cisco IP Communicator desconectará la llamada actual. ¿Desea salir?"/>
	<label configWarning="Si cambia las preferencias ahora, Cisco IP Communicator desconectará la llamada actual. ¿Desea continuar?"/>
	<label configError="Se quitó un dispositivo de audio durante una llamada activa. Se desconectará la llamada activa."/>
	<label undockWarning="Si el ordenador se está desconectando ahora, Cisco IP Communicator desconectará la llamada actual. ¿Desea detener su ordenador para que no se desconecte?"/>
	<label endSessionWarning="Si cierra la sesión de Windows ahora, Cisco IP Communicator desconectará la llamada actual. ¿Desea cerrar la sesión?"/>
	<label INF_infoCaption="Cisco IP Communicator: información"/>
	<label INF_TFTPRestart="No se pudo reiniciar Cisco IP Communicator.  Reinicie la aplicación de forma manual."/>
	<label needReboot="Cisco IP Communicator ha instalado software nuevo que requiere que se reinicie el equipo para finalizar la instalación"/>
	<label fetchingDirectories="Recuperando información de directorio LDAP"/>
	<label fetchingDialingRules="Recuperando reglas de marcación"/>
	<label restartForLocaleChange="Necesita reiniciar Communicator para que los cambios de idioma surtan efecto"/>
	<label copyright="Copyright © 2004-2011 Cisco Systems, Inc. Todos los derechos reservados."/>
	<label copyrightSplash="© 2011 Cisco Systems, Inc. Reservados todos los derechos. Importación de cifrado, uso y asesoramiento de suministro disponible en el menú Ayuda en 'Acerca de Cisco IP Communicator.' "/>
	<label versionSplash="Versión "/>
	<label versionCdp="Versión del controlador CDP:"/>
	<label versionCpmt="Versión del motor de voz:"/>
	<label Notices="Avisos y renuncias de Cisco:"/>
	<label NoticesText="***AVISO PARA LLAMADAS DE EMERGENCIA - SE RECOMIENDA LEER***&#13;&#10;&#13;&#10;Durante una emergencia, la tecnología de teléfono basado en software, o softphone, puede no proporcionar la información de localización más precisa o exacta si se emplea para una llamada de emergencia. Por ejemplo: 911, 999,112). Las llamadas se pueden direccionar incorrectamente al centro de respuesta a emergencias erróneo o el centro de respuesta a emergencias puede cometer errores a la hora de determinar la ubicación. UTILICE UN SOFTPHONE SÓLO POR SU CUENTA Y RIESGO DURANTE UNA EMERGENCIA. Cisco no se responsabilizará de los errores o retrasos resultantes.&#13;&#10;&#13;&#10;&#13;&#10;***AVISO SOBRE EL CIFRADO INTENSO DE CONTENIDO***&#13;&#10;&#13;&#10;Este producto contiene funciones criptográficas y está sujeto a las leyes locales y de Estados Unidos en lo que respecta a la importación, exportación, transferencia y uso. De la distribución de los productos criptográficos de Cisco no se puede inferir la autorización de terceras partes para importar, exportar, transferir o utilizar el cifrado. Los importadores, exportadores, distribuidores y usuarios son responsables de cumplir las leyes estadounidenses y locales. Al utilizar este producto, se está comprometiendo a cumplir las leyes y normas aplicables. Si no puede cumplir con las leyes estadounidenses y locales, devuelva inmediatamente este producto.&#13;&#10;&#13;&#10;&#13;&#10;Encontrará un resumen de las leyes de Estados Unidos que regulan los productos criptográficos de Cisco en:&#13;&#10;&#13;&#10;http://www.cisco.com/wwl/export/crypto/tool/stqrg.html&#13;&#10;&#13;&#10;Si necesita más ayuda, contacte con nosotros enviándonos un correo electrónico a export@cisco.com.&#13;&#10;&#13;&#10;&#13;&#10;***AVISO SOBRE PRT***&#13;&#10;&#13;&#10;La herramienta de generación de informes de problemas (PRT) recopilará registros de su PC que puedan incluir información de contacto, contenido de mensajería instantánea, números de teléfono y otra información que se pueda utilizar para identificarle personalmente a usted u otras personas. Esta información es necesaria en el proceso de diagnóstico para determinar la causa del problema técnico del que usted ha informado. Los registros se pueden transferir más allá de las fronteras y almacenar temporalmente como parte del proceso de diagnóstico. Utilizando la PRT, está accediendo a proporcionar los registros a Cisco para dejar que Cisco pueda solventar cualquier problema técnico que se produzca en Cisco IP Communicator. "/>
		
	<label ERR_alreadyRunning="Cisco IP Communicator ya se está ejecutando"/>
	<label ERR_exception="Excepción"/>
	<label ERR_exceptionCaption="Communicator: error de excepción"/>
	<label ERR_notDib="Hay un problema con la máscara actual: el archivo de mapa de bits no tiene formato DIB"/>
	<label ERR_notOS2Supported="Hay un problema con la máscara actual: no se admite el formato de mapa de bits OS2"/>
	<label ERR_invalidSkin="El archivo de máscara actual no es válido"/>
	<label ERR_invalidButton="El archivo de máscara actual tiene un botón no válido"/>
	<label ERR_noStreamDev="No hay dispositivos de sonido compatibles instalados en este equipo. Haga clic en 'Aceptar' para salir."/>
	<label ERR_noRingDev="No hay dispositivos de sonido compatibles instalados en este equipo. Haga clic en 'Aceptar' para salir."/>
	<label ERR_noNetworkDev="No hay interfaces de red compatibles en este equipo. Instale una interfaz de red."/>
	<label ERR_noJVM="No está configurada la ruta de JVM. No se puede ejecutar JVM en modo DEBUG."/>
	<label ERR_invokeJVM="No se puede invocar JVM - JNI_CreateJavaVM()"/>
	<label ERR_noVenderInfo="No hay información de proveedor en el archivo config"/>
	<label ERR_mismatchMAC="La interfaz de red que ha registrado en Cisco CallManager no se encuentra o está desactivada. Seleccione 'Aceptar' si ha quitado esta interfaz intencionadmente y elija una nueva interfaz o en 'Cancelar' para salir."/>
	<label ERR_mismatchVPN="La interfaz de red que eligió para audio no tiene una dirección IP válida. Seleccione 'Aceptar' para elegir una interfaz diferente o 'Cancelar' para salir."/>
	<label ERR_noNetAdapterCC="Seleccione la interfaz que desea registrar en Cisco CallManager. Se ha elegido el valor predeterminado."/>
	<label ERR_deviceNameLength="Nombre de dispositivo no válido. El nombre de dispositivo debe tener 15 caracteres o menos y debe contener los caracteres [a-z A-Z 0-9._-]." />
	<label ERR_noNetAdapterVPN="Seleccione una interfaz de red para el audio."/>
	<label ERR_noTFTPServer="No se puede acceder al servidor TFTP."/>
	<label ERR_cannotReadSettings="No se puede leer la configuración"/>
	<label ERR_networkAdaptorAbsent="No se puede encontrar el adaptador de red necesario para el registro"/>
	<label ERR_badHostNameSpecified="Nombre de host especificado en preferencias, incorrecto"/>
	<label ERR_badNetworkInterfaceSpecified="Interfaz de red especificada en preferencias, incorrecta"/>
	<label ERR_cannotInitializeGraphics="No se pudo iniciar la pantalla"/>
	<label ERR_cannotInitializeMedia="No se pudieron iniciar los medios"/>
	<label ERR_cannotStartCdp="No se puede iniciar el servicio Cisco Emergency Responder. Consulte al administrador del sistema."/>
	<label ERR_cannotInitializeKeyboard="No se pueden iniciar las asignaciones de teclado"/>
	<label ERR_cannotInitializeGUI="No se puede iniciar la interfaz de usuario gráfica"/>
	<label ERR_cannotAutoUpdate="No se pudo comprobar si había actualizaciones"/>
	<label ERR_invalidDeviceLoad="Carga de dispositivo no válida"/>
	<label ERR_wrongAutoUpdatePath="La siguiente ruta de AutoUpdate no es compatible:"/>
	<label ERR_invalidPortRange="El intervalo de puertos especificado no es válido. Debe comprender entre el 1 y el 65536. Corríjalo y haga clic en 'Aceptar'."/>
	<label ERR_cannotLaunchCVTA="No se pudo iniciar Cisco Unified Video Advantage."/>
	<label ERR_cvtaNotFound="Es necesario Cisco Unified Video Advantage versión 2.0(1) o superior."/>
	<label ERR_checkDevicePreferences="Asegúrese de que las preferencias de audio del dispositivo son correctas mediante el Asistente para ajuste de audio del menú Preferencias."/>	
	<label ERR_invalidTFTPServer="La dirección del servidor TFTP contiene un campo en blanco."/>
	<label ERR_invalidAudioIP="La dirección IP de audio contiene un campo en blanco."/>

	<label DLG_ND_Label="Introduzca el nombre o número para marcar"/>
	<label DLG_ND_MessageNone="No se han encontrado coincidencias"/>
	<label DLG_ND_MessageOne="Se ha encontrado una coincidencia"/>
	<label DLG_ND_Message25="Se han encontrado varias coincidencias. Se muestra una lista a continuación."/>
	<label DLG_ND_Message25p="Se han encontrado varias coincidencias. A continuación se muestra una listas de los primeros %d resultados. Restrinja la búsqueda para mostrar resultados más relevantes."/>
	<label DLG_ND_MultipleMatches="Varios resultados de búsqueda"/>
	<label DLG_ND_TooManyMatches="Demasiados resultados de búsqueda"/>
	<label DLG_ND_RefineSearch="Se muestran los primeros %d elementos. Intente restringir la búsqueda"/>
	<label DLG_ND_QuickSearch="Búsqueda rápida"/>
	<label DLG_ND_QuickDial="Marcación rápida"/>
	<label DLG_ND_Search="Buscar"/>
	<label DLG_ND_Dial="Seleccionar"/>
	<label DLG_ND_First="Nombre"/>
	<label DLG_ND_Last ="Apellidos"/>
	<label DLG_ND_EMail="Correo electrónico"/>
	<label DLG_ND_Number="Número"/>
	<label DLG_ND_Mobile="Móvil"/>
	<label DLG_ND_ThereWereErrors="Se encontraron errores"/>
	<label DLG_ND_Label="Buscar..."/>
	<label ERR_ND_NoSearchBase="No se especificó la base de búsqueda LDAP"/>
	<label ERR_ND_NoUserName="Error de autenticación LDAP: no se ha especificado nombre de usuario"/> 
	<label ERR_ND_ConnectFailed="No se pudo abrir la conexión LDAP al servidor"/>
	<label ERR_ND_AuthFailed="Error de inicio de sesión. Compruebe el nombre de usuario y la contraseña"/>
	<label ERR_ND_FileError="Error de archivo al escribir resultados LDAP"/>
	<label ERR_ND_NoSelection="No ha hecho una selección"/>
	<label ERR_ND_NoPhoneNumbers="No hay números de teléfono en la entrada seleccionada"/>

	<label DLG_ChoosePhoneNumber="Elija un número de teléfono"/>
	<label DLG_CPN_Message="Se encontraron varios números de teléfono. Seleccione el número de teléfono que desee marcar."/>

	<label DLG_NW_TFTPServerGroup="Servidores TFTP"/>
	<label DLG_NW_ConnConfig="Configuración de CallManager"/>
	<label DLG_NW_AutoTftp="Utilice los servidores TFTP predeterminados"/>
	<label DLG_NW_CustomTftp="Utilice estos servidores TFTP:"/>
	<label DLG_NW_TFTP1="Servidor TFTP 1:"/>
	<label DLG_NW_TFTP2="Servidor TFTP 2:"/>
	<label DLG_NW_DeviceNameGroup="Nombre de dispositivo"/>
	<label DLG_NW_DeviceName="Nombre de dispositivo:"/>
	<label DLG_NW_NetAdapter="Adaptador de red:"/>
	<label DLG_NW_RadioNetAdapter="Utilice este adaptador de red para generar el nombre de dispositivo"/>
	<label DLG_NW_RadioUseDeviceName="Utilice este nombre de dispositivo"/>
	<label DLG_NW_StaticUseThisDeviceName="Utilice este nombre de dispositivo:"/>

	<label DLG_Audio_Use729="Optimizar para ancho de banda bajo"/>
	<label DLG_Audio_UseDefaultDevices="Utilice dispositivos predetermiandos de Windows"/>
	<label DLG_Audio_Advanced="Avanzado..."/>
	<label DLG_Audio_Network="Red..."/>
	<label DLG_Audio_Selections="Dispositivos para modos de audio"/>
	<label DLG_Ringer_Selection="Dispositivo para timbre"/>

	<label DLG_AdvancedAudioSettings="Configuración de audio avanzada"/>
	<label DLG_AudioAdv_Sidetone="Volumen de reverberancia"/>
	<label DLG_AudioAdv_EnableSidetone="Activar reverberancia"/>
	<label DLG_AudioAdv_Slider="-                        0                       +"/>
	<label DLG_AudioAdv_Microphone="Aumento de volumen de micrófono"/>
	<label DLG_AudioAdv_Filters="Filtros"/>
	<label DLG_AudioAdv_Mode="Modo:"/>
	<label DLG_AudioAdv_PlayFilter="Escucha:"/>
	<label DLG_AudioAdv_RecordFilter="Habla:"/>
	<label DLG_AudioAdv_LimitVolume="Limitar volumen"/>
	<label DLG_AudioAdv_AudioLatency="Calidad de audio y rendimiento"/>
	<label DLG_AudioAdv_AudioLatencyLow="Óptima (Retraso bajo)"/>
	<label DLG_AudioAdv_AudioLatencyMedium="Muy buena (Retraso medio)"/>
	<label DLG_AudioAdv_AudioLatencyHigh="Buena (Retraso alto)"/>
	<label DLG_AudioAdv_SilenceSuppression="Eliminación de silencio"/>
	<label DLG_AudioAdv_SsDisabled="Desactivada (no recomendada)"/>
	<label DLG_AudioAdv_NoiseSuppression="Supresión de ruido"/>
	<label DLG_AudioAdv_Aggressiveness="Niveles de agresividad"/>
	<label DLG_AudioAdv_AggressivenessLeast="Mínimo"/>
	<label DLG_AudioAdv_AggressivenessMedium="Mediano"/>
	<label DLG_AudioAdv_AggressivenessMost="Máximo"/>
	<label DLG_AudioAdv_AggressivenessLow="Bajo"/>
	<label DLG_AudioAdv_AggressivenessModerate="Moderado"/>
	<label DLG_AudioAdv_AggressivenessHigh="Alto"/>
	<label DLG_AudioAdv_AggressivenessVeryHigh="Muy alto"/>

	<label DLG_AudioAdv_AGC="Control automático de ganancia"/>
	<label DLG_AudioAdv_EC="Cancelación de eco"/>
	<label DLG_AudioAdv_Enabled="Habilitado"/>
	<label DLG_AudioAdv_Disabled="Deshabilitado"/>
	<label DLG_AudioAdv_Auto="Automático"/>
	<label DLG_AudioAdv_Analog="Análogo"/>
	<label DLG_AudioAdv_Digital="Digital"/>
	<label DLG_AudioAdv_Both="Ambos"/>
	<label DLG_AudioAdv_Cancellation="Cancelación"/>
	<label DLG_AudioAdv_Suppression="Supresión"/>
	<label DLG_AudioAdv_UseInput="Usar valor de entrada"/>

	<label DLG_NWA="Configuración de audio de red"/>
	<label DLG_NWA_AudioIP="Dirección IP de audio"/>
	<label DLG_NWA_AutoDetectIP="Detectar automáticamente"/>
	<label DLG_NWA_SelectInterface="Utilizar esta dirección de adaptador:"/>
	<label DLG_NWA_UseThisIP="Utilizar esta dirección:"/>
	<label DLG_NWA_PortRange="Intervalo de puertos de audio"/>
	<label DLG_NWA_AutoSelectPort="Utilizar intervalo de puertos predeterminado"/>
	<label DLG_NWA_SpecifyPort="Utilizar este intervalo de puertos:"/>
	<label DLG_NWA_PortFrom="De:"/>
	<label DLG_NWA_PortTo="A:"/>

	<label DLG_USR_usrInfo="Información de usuario"/>
	<label DLG_USR_usrID="Nombre de usuario:"/>
	<label DLG_USR_password="Contraseña:"/>
	<label DLG_USR_usrInput="Entrada de usuario"/>
	<label DLG_USR_usbHandset="Auricular USB:"/>
	<label DLG_USR_trace="Solución de problemas"/>
	<label DLG_USR_traceEnable="Activar registro"/>
	<label DLG_USR_CloseHidesApp="Cerrar oculta aplicación"/>
	<label DLG_USR_BringToFront="Poner en primer plano en llamadas activas"/>
	<label DLG_USR_DisableToast="Ocultar notificación de llamada entrante"/>
	<label DLG_USR_EnableAnswerHotkey="Activar la tecla de acceso rápido Contestar"/>
	<label DLG_USR_UserOptionsGroup="Dirección de la página Opciones de usuario Cisco Unified CM"/>
	<label DLG_USR_AutoUserOptions="Utilizar (servidor TFTP) predeterminado"/>
	<label DLG_USR_SpecifyUserOptions="Utilizar URL específica"/>

	<label SKINS_Main_MessageWaiting="Mensaje en espera"/>
	<label SKINS_ButtonSets_Close="Cerrar"/>
	<label SKINS_ButtonSets_Minimize="Minimizar"/>
	<label SKINS_ButtonSets_Mode="Modo"/>
	<label SKINS_ButtonSets_Menu="Menú"/>
	<label SKINS_lines_Line1="Línea 1"/>
	<label SKINS_lines_Line2="Línea 2"/>
	<label SKINS_lines_Line3="Línea 3"/>
	<label SKINS_lines_Line4="Línea 4"/>
	<label SKINS_lines_Line5="Línea 5"/>
	<label SKINS_lines_Line6="Línea 6"/>
	<label SKINS_lines_Line7="Línea 7"/>
	<label SKINS_lines_Line8="Línea 8"/>
	<label SKINS_keypad_One="Uno"/>
	<label SKINS_keypad_Two="Dos"/>
	<label SKINS_keypad_Three="Tres"/>
	<label SKINS_keypad_Four="Cuatro"/>
	<label SKINS_keypad_Five="Cinco"/>
	<label SKINS_keypad_Six="Seis"/>
	<label SKINS_keypad_Seven="Siete"/>
	<label SKINS_keypad_Eight="Ocho"/>
	<label SKINS_keypad_Nine="Nueve"/>
	<label SKINS_keypad_Star="Asterisco"/>
	<label SKINS_keypad_Zero="Cero"/>
	<label SKINS_keypad_Pound="Almohadilla"/>
	<label SKINS_softkeys_Softkey1="Tecla programada 1"/>
	<label SKINS_softkeys_Softkey2="Tecla programada 2"/>
	<label SKINS_softkeys_Softkey3="Tecla programada 3"/>
	<label SKINS_softkeys_Softkey4="Tecla programada 4"/>
	<label SKINS_softkeys_Softkey5="Tecla programada 5"/>
	<label SKINS_features_Messages="Mensajes"/>
	<label SKINS_features_Services="Servicios"/>
	<label SKINS_features_Settings="Configuración"/>
	<label SKINS_features_Directories="Directorios"/>
	<label SKINS_features_Information="Ayuda"/>
	<label SKINS_controls_Headset="Auriculares"/>
	<label SKINS_controls_Mute="Silencio"/>
	<label SKINS_controls_Speaker="Altavoz"/>
	<label SKINS_controls_VolumeDown="Bajar volumen"/>
	<label SKINS_controls_VolumeUp="Subir volumen"/>
	<label SKINS_navigation_Navigation="Navegación"/>
	<label SKINS_navigation_Up="+"/>
	<label SKINS_navigation_Down="-"/>
	<label SKINS_navigation_Left="Izquierda"/>
	<label SKINS_navigation_Right="Derecha"/>

	<label DLG_AUDIO_LatencyOptimization="Optimización de latencia"/>
	<label DLG_AUDIO_LowDelay="Retraso bajo"/>
	<label DLG_AUDIO_MediumDelay="Retraso medio"/>
	<label DLG_AUDIO_HighDelay="Retraso alto"/>
	<label DLG_AUDIO_VeryHighDelay="Retraso muy alto"/>
	<label DLG_AUDIO_LowestLatency="Latencia baja"/>
	<label DLG_AUDIO_HighestLatency="Latencia máxima"/>
	<label DLG_AUDIO_Default="Configuración predeterminada"/>
	<label DLG_AUDIO_Recommended="Se recomienda usar primero la configuración más baja y pasar a la siguiente, si fuera necesario."/>
	<label DLG_AUDIO_Speaker="Altavoz"/>	
	<label DLG_AUDIO_Mic="Micrófono"/>
	<label DLG_AUDIO_SpeakerBuffer="Número de búfer de altavoz"/>
	<label DLG_AUDIO_MicBuffer="Número de búfer de micrófono"/>

	<label DLG_TRACE_Tracing="Seguimiento"/>
	<label DLG_TRACE_GUI="GUI"/>
	<label DLG_TRACE_CallControl="Control de llamada"/>
	<label DLG_TRACE_Media="Audio"/>
	<label DLG_TRACE_CDP="CDP"/>
	<label DLG_TRACE_ATW="Asistente para ajuste de audio"/>
	<label DLG_TRACE_R2d="Activar pantalla de teléfono"/>
	<label DLG_TRACE_Levels="Niveles de seguimiento"/>
	<label DLG_TRACE_Errors="Errores"/>
	<label DLG_TRACE_Detailed="Detallado"/>
	<label DLG_TRACE_Low="Bajo"/>
	<label DLG_TRACE_Med="Mediano"/>
	<label DLG_TRACE_High="Alto"/>
	<label DLG_TRACE_All="Todo"/>

	<label DLG_L10N_Language="Idioma"/>
	<label DLG_L10N_Locale="Configuración regional"/>

	<label ChangeInterfaceWarningText="Si se cambia la interfaz de red, es posible que Cisco IP Communicator deje de funcionar. Consulte al administrador del sistema antes de cambiar este parámetro."/>
	<label ChangeInterfaceWarningCaption="Advertencia"/>

	<label ChangeProtocolWarningText="Se ha modificado el protocolo de control de llamadas para este dispositivo. Haga clic en 'Aceptar' para reiniciar Cisco IP Communicator."/>
	<label JPhoneStartupErrorText="Cisco IP Communicator no ha podido iniciar la aplicación de teléfono y se va a cerrar. ¿Desea reiniciar Cisco IP Communicator?"/>
	<label AutoUpdateNeedUpdatesText="Actualizaciones disponibles para Cisco IP Commnunicator. La aplicación debe estar cerrada durante el proceso de actualización. ¿Desea continuar con la actualización?"/>

	<label CheckingLocaleUpdates="Buscando cambios de configuración regional..."/>

<!-- ETOUCH -->
	<label Paste="Pegar"/>
	<label AnswerCall="Contestar"/>
	<label IgnoreCall="Ignorar"/>
	<label UnknownCaller="Desconocido"/>
<!-- ETOUCH -->
	<SkinLocMap>
		<entry file="Default" name="Modo predeterminado" />
		<entry file="Mercurio" name="Modo compacto" />
	</SkinLocMap>

</CommunicatorStrings>